<project name="Starfish Launcher" default="starfish" basedir=".">

    <property name="base.dir" value="${basedir}/.."/>

    <property name="etc.dir" value="${base.dir}/etc"/>
    <property name="lib.dir" value="lib"/>

    <path id="base.class.path">
        <pathelement location="starfish-0.8.jar"/> 
        <pathelement location="."/>
        <fileset dir="${lib.dir}" includes="*.jar"/>
    </path>

    <target name="starfish">
        <launch classname="com.larvalabs.starfish.Starfish">
            <classpath refid="base.class.path"/>
            <jvmarg value="-Xmx256M"/>
            <jvmarg value="-Djava.awt.headless=true"/>
            <syspropertyset>
                <sysproperty key="log.dir" file="${log.dir}"/>
                <!-- <sysproperty key="bind.address" value="127.0.0.1"/> -->
            </syspropertyset>
        </launch>
    </target>
</project>
